State,Inlet air - Std Ideal Liq Vol Flow,Inlet air - Pressure,Inlet air - Temperature,compressed air - Temperature,Nitrogen gas - Master Comp Mass Frac (Nitrogen)
Case 2,300,1,26,25,0
Case 3,300,1,27,25,0
Case 4,300,1,28,25,0
Case 5,300,1,29,25,0
Case 6,300,1,30,25,0
Case 7,300,1,31,25,0
Case 8,300,1,32,25,0
Case 9,300,1,33,25,0
Case 10,300,1,34,25,0
Case 11,300,1,35,25,0
Case 12,300,1,36,25,0
Case 13,300,1,37,25,0
Case 14,300,1,38,25,0
Case 15,300,1,39,25,0
Case 16,300,1,40,25,0
Case 17,300,1.1,25,25,0
Case 18,300,1.1,26,25,0
Case 19,300,1.1,27,25,0
Case 20,300,1.1,28,25,0
Case 21,300,1.1,29,25,0
Case 22,300,1.1,30,25,0
Case 23,300,1.1,31,25,0
Case 24,300,1.1,32,25,0
Case 25,300,1.1,33,25,0
Case 26,300,1.1,34,25,0
Case 27,300,1.1,35,25,0
Case 28,300,1.1,36,25,0
Case 29,300,1.1,37,25,0
Case 30,300,1.1,38,25,0
Case 31,300,1.1,39,25,0
Case 32,300,1.1,40,25,0
Case 33,300,1.2,25,25,0
Case 34,300,1.2,26,25,0
Case 35,300,1.2,27,25,0
Case 36,300,1.2,28,25,0
Case 37,300,1.2,29,25,0
Case 38,300,1.2,30,25,0
Case 39,300,1.2,31,25,0
Case 40,300,1.2,32,25,0
Case 41,300,1.2,33,25,0
Case 42,300,1.2,34,25,0
Case 43,300,1.2,35,25,0
Case 44,300,1.2,36,25,0
Case 45,300,1.2,37,25,0
Case 46,300,1.2,38,25,0
Case 47,300,1.2,39,25,0
Case 48,300,1.2,40,25,0
Case 49,300,1.3,25,25,0
Case 50,300,1.3,26,25,0
Case 51,300,1.3,27,25,0
Case 52,300,1.3,28,25,0
Case 53,300,1.3,29,25,0
Case 54,300,1.3,30,25,0
Case 55,300,1.3,31,25,0
Case 56,300,1.3,32,25,0
Case 57,300,1.3,33,25,0
Case 58,300,1.3,34,25,0
Case 59,300,1.3,35,25,0
Case 60,300,1.3,36,25,0
Case 61,300,1.3,37,25,0
Case 62,300,1.3,38,25,0
Case 63,300,1.3,39,25,0
Case 64,300,1.3,40,25,0
Case 65,300,1.4,25,25,0
Case 66,300,1.4,26,25,0
Case 67,300,1.4,27,25,0
Case 68,300,1.4,28,25,0
Case 69,300,1.4,29,25,0
Case 70,300,1.4,30,25,0
Case 71,300,1.4,31,25,0
Case 72,300,1.4,32,25,0
Case 73,300,1.4,33,25,0
Case 74,300,1.4,34,25,0
Case 75,300,1.4,35,25,0
Case 76,300,1.4,36,25,0
Case 77,300,1.4,37,25,0
Case 78,300,1.4,38,25,0
Case 79,300,1.4,39,25,0
Case 80,300,1.4,40,25,0
Case 81,300,1.5,25,25,0
Case 82,300,1.5,26,25,0
Case 83,300,1.5,27,25,0
Case 84,300,1.5,28,25,0
Case 85,300,1.5,29,25,0
Case 86,300,1.5,30,25,0
Case 87,300,1.5,31,25,0
Case 88,300,1.5,32,25,0
Case 89,300,1.5,33,25,0
Case 90,300,1.5,34,25,0
Case 91,300,1.5,35,25,0
Case 92,300,1.5,36,25,0
Case 93,300,1.5,37,25,0
Case 94,300,1.5,38,25,0
Case 95,300,1.5,39,25,0
Case 96,300,1.5,40,25,0
Case 97,310,1,25,25,0.9946
Case 99,310,1,27,25,0
Case 100,310,1,28,25,0
Case 101,310,1,29,25,0
Case 102,310,1,30,25,0
Case 103,310,1,31,25,0
Case 104,310,1,32,25,0
Case 105,310,1,33,25,0
Case 106,310,1,34,25,0
Case 107,310,1,35,25,0
Case 108,310,1,36,25,0
Case 109,310,1,37,25,0
Case 110,310,1,38,25,0
Case 111,310,1,39,25,0
Case 112,310,1,40,25,0
Case 113,310,1.1,25,25,0.9946
Case 115,310,1.1,27,25,0
Case 116,310,1.1,28,25,0
Case 117,310,1.1,29,25,0
Case 118,310,1.1,30,25,0
Case 119,310,1.1,31,25,0
Case 120,310,1.1,32,25,0
Case 121,310,1.1,33,25,0
Case 122,310,1.1,34,25,0
Case 123,310,1.1,35,25,0
Case 124,310,1.1,36,25,0
Case 125,310,1.1,37,25,0
Case 126,310,1.1,38,25,0
Case 127,310,1.1,39,25,0
Case 128,310,1.1,40,25,0
Case 129,310,1.2,25,25,0.9946
Case 131,310,1.2,27,25,0
Case 132,310,1.2,28,25,0
Case 133,310,1.2,29,25,0
Case 134,310,1.2,30,25,0
Case 135,310,1.2,31,25,0
Case 136,310,1.2,32,25,0
Case 137,310,1.2,33,25,0
Case 138,310,1.2,34,25,0
Case 139,310,1.2,35,25,0
Case 140,310,1.2,36,25,0
Case 141,310,1.2,37,25,0
Case 142,310,1.2,38,25,0
Case 143,310,1.2,39,25,0
Case 144,310,1.2,40,25,0
Case 145,310,1.3,25,25,0.9946
Case 147,310,1.3,27,25,0
Case 148,310,1.3,28,25,0
Case 149,310,1.3,29,25,0
Case 150,310,1.3,30,25,0
Case 151,310,1.3,31,25,0
Case 152,310,1.3,32,25,0
Case 153,310,1.3,33,25,0
Case 154,310,1.3,34,25,0
Case 155,310,1.3,35,25,0
Case 156,310,1.3,36,25,0
Case 157,310,1.3,37,25,0
Case 158,310,1.3,38,25,0
Case 159,310,1.3,39,25,0
Case 160,310,1.3,40,25,0
Case 161,310,1.4,25,25,0.9946
Case 163,310,1.4,27,25,0
Case 164,310,1.4,28,25,0
Case 165,310,1.4,29,25,0
Case 166,310,1.4,30,25,0
Case 167,310,1.4,31,25,0
Case 168,310,1.4,32,25,0
Case 169,310,1.4,33,25,0
Case 170,310,1.4,34,25,0
Case 171,310,1.4,35,25,0
Case 172,310,1.4,36,25,0
Case 173,310,1.4,37,25,0
Case 174,310,1.4,38,25,0
Case 175,310,1.4,39,25,0
Case 176,310,1.4,40,25,0
Case 177,310,1.5,25,25,0.9946
Case 179,310,1.5,27,25,0
Case 180,310,1.5,28,25,0
Case 181,310,1.5,29,25,0
Case 182,310,1.5,30,25,0
Case 183,310,1.5,31,25,0
Case 184,310,1.5,32,25,0
Case 185,310,1.5,33,25,0
Case 186,310,1.5,34,25,0
Case 187,310,1.5,35,25,0
Case 188,310,1.5,36,25,0
Case 189,310,1.5,37,25,0
Case 190,310,1.5,38,25,0
Case 191,310,1.5,39,25,0
Case 192,310,1.5,40,25,0
Case 193,320,1,25,25,0.9944
Case 195,320,1,27,25,0
Case 196,320,1,28,25,0
Case 197,320,1,29,25,0
Case 198,320,1,30,25,0
Case 199,320,1,31,25,0
Case 200,320,1,32,25,0
Case 201,320,1,33,25,0
Case 202,320,1,34,25,0
Case 203,320,1,35,25,0
Case 204,320,1,36,25,0
Case 205,320,1,37,25,0
Case 206,320,1,38,25,0
Case 207,320,1,39,25,0
Case 208,320,1,40,25,0
Case 209,320,1.1,25,25,0.9944
Case 211,320,1.1,27,25,0
Case 212,320,1.1,28,25,0
Case 213,320,1.1,29,25,0
Case 214,320,1.1,30,25,0
Case 215,320,1.1,31,25,0
Case 216,320,1.1,32,25,0
Case 217,320,1.1,33,25,0
Case 218,320,1.1,34,25,0
Case 219,320,1.1,35,25,0
Case 220,320,1.1,36,25,0
Case 221,320,1.1,37,25,0
Case 222,320,1.1,38,25,0
Case 223,320,1.1,39,25,0
Case 224,320,1.1,40,25,0
Case 225,320,1.2,25,25,0.9944
Case 227,320,1.2,27,25,0
Case 228,320,1.2,28,25,0
Case 229,320,1.2,29,25,0
Case 230,320,1.2,30,25,0
Case 231,320,1.2,31,25,0
Case 232,320,1.2,32,25,0
Case 233,320,1.2,33,25,0
Case 234,320,1.2,34,25,0
Case 235,320,1.2,35,25,0
Case 236,320,1.2,36,25,0
Case 237,320,1.2,37,25,0
Case 238,320,1.2,38,25,0
Case 239,320,1.2,39,25,0
Case 240,320,1.2,40,25,0
Case 241,320,1.3,25,25,0.9944
Case 243,320,1.3,27,25,0
Case 244,320,1.3,28,25,0
Case 245,320,1.3,29,25,0
Case 246,320,1.3,30,25,0
Case 247,320,1.3,31,25,0
Case 248,320,1.3,32,25,0
Case 249,320,1.3,33,25,0
Case 250,320,1.3,34,25,0
Case 251,320,1.3,35,25,0
Case 252,320,1.3,36,25,0
Case 253,320,1.3,37,25,0
Case 254,320,1.3,38,25,0
Case 255,320,1.3,39,25,0
Case 256,320,1.3,40,25,0
Case 257,320,1.4,25,25,0.9944
Case 259,320,1.4,27,25,0
Case 260,320,1.4,28,25,0
Case 261,320,1.4,29,25,0
Case 262,320,1.4,30,25,0
Case 263,320,1.4,31,25,0
Case 264,320,1.4,32,25,0
Case 265,320,1.4,33,25,0
Case 266,320,1.4,34,25,0
Case 267,320,1.4,35,25,0
Case 268,320,1.4,36,25,0
Case 269,320,1.4,37,25,0
Case 270,320,1.4,38,25,0
Case 271,320,1.4,39,25,0
Case 272,320,1.4,40,25,0
Case 273,320,1.5,25,25,0.9944
Case 275,320,1.5,27,25,0
Case 276,320,1.5,28,25,0
Case 277,320,1.5,29,25,0
Case 278,320,1.5,30,25,0
Case 279,320,1.5,31,25,0
Case 280,320,1.5,32,25,0
Case 281,320,1.5,33,25,0
Case 282,320,1.5,34,25,0
Case 283,320,1.5,35,25,0
Case 284,320,1.5,36,25,0
Case 285,320,1.5,37,25,0
Case 286,320,1.5,38,25,0
Case 287,320,1.5,39,25,0
Case 288,320,1.5,40,25,0
Case 289,330,1,25,25,0.9941
Case 291,330,1,27,25,0
Case 292,330,1,28,25,0
Case 293,330,1,29,25,0
Case 294,330,1,30,25,0
Case 295,330,1,31,25,0
Case 296,330,1,32,25,0
Case 297,330,1,33,25,0
Case 298,330,1,34,25,0
Case 299,330,1,35,25,0
Case 300,330,1,36,25,0
Case 301,330,1,37,25,0
Case 302,330,1,38,25,0
Case 303,330,1,39,25,0
Case 304,330,1,40,25,0
Case 305,330,1.1,25,25,0.9941
Case 307,330,1.1,27,25,0
Case 308,330,1.1,28,25,0
Case 309,330,1.1,29,25,0
Case 310,330,1.1,30,25,0
Case 311,330,1.1,31,25,0
Case 312,330,1.1,32,25,0
Case 313,330,1.1,33,25,0
Case 314,330,1.1,34,25,0
Case 315,330,1.1,35,25,0
Case 316,330,1.1,36,25,0
Case 317,330,1.1,37,25,0
Case 318,330,1.1,38,25,0
Case 319,330,1.1,39,25,0
Case 320,330,1.1,40,25,0
Case 321,330,1.2,25,25,0.9941
Case 323,330,1.2,27,25,0
Case 324,330,1.2,28,25,0
Case 325,330,1.2,29,25,0
Case 326,330,1.2,30,25,0
Case 327,330,1.2,31,25,0
Case 328,330,1.2,32,25,0
Case 329,330,1.2,33,25,0
Case 330,330,1.2,34,25,0
Case 331,330,1.2,35,25,0
Case 332,330,1.2,36,25,0
Case 333,330,1.2,37,25,0
Case 334,330,1.2,38,25,0
Case 335,330,1.2,39,25,0
Case 336,330,1.2,40,25,0
Case 337,330,1.3,25,25,0.9941
Case 339,330,1.3,27,25,0
Case 340,330,1.3,28,25,0
Case 341,330,1.3,29,25,0
Case 342,330,1.3,30,25,0
Case 343,330,1.3,31,25,0
Case 344,330,1.3,32,25,0
Case 345,330,1.3,33,25,0
Case 346,330,1.3,34,25,0
Case 347,330,1.3,35,25,0
Case 348,330,1.3,36,25,0
Case 349,330,1.3,37,25,0
Case 350,330,1.3,38,25,0
Case 351,330,1.3,39,25,0
Case 352,330,1.3,40,25,0
Case 353,330,1.4,25,25,0.9941
Case 355,330,1.4,27,25,0
Case 356,330,1.4,28,25,0
Case 357,330,1.4,29,25,0
Case 358,330,1.4,30,25,0
Case 359,330,1.4,31,25,0
Case 360,330,1.4,32,25,0
Case 361,330,1.4,33,25,0
Case 362,330,1.4,34,25,0
Case 363,330,1.4,35,25,0
Case 364,330,1.4,36,25,0
Case 365,330,1.4,37,25,0
Case 366,330,1.4,38,25,0
Case 367,330,1.4,39,25,0
Case 368,330,1.4,40,25,0
Case 369,330,1.5,25,25,0.9941
Case 371,330,1.5,27,25,0
Case 372,330,1.5,28,25,0
Case 373,330,1.5,29,25,0
Case 374,330,1.5,30,25,0
Case 375,330,1.5,31,25,0
Case 376,330,1.5,32,25,0
Case 377,330,1.5,33,25,0
Case 378,330,1.5,34,25,0
Case 379,330,1.5,35,25,0
Case 380,330,1.5,36,25,0
Case 381,330,1.5,37,25,0
Case 382,330,1.5,38,25,0
Case 383,330,1.5,39,25,0
Case 384,330,1.5,40,25,0
Case 385,340,1,25,25,0.9939
Case 387,340,1,27,25,0.9937
Case 389,340,1,29,25,0
Case 390,340,1,30,25,0
Case 391,340,1,31,25,0
Case 392,340,1,32,25,0
Case 393,340,1,33,25,0
Case 394,340,1,34,25,0
Case 395,340,1,35,25,0
Case 396,340,1,36,25,0
Case 397,340,1,37,25,0
Case 398,340,1,38,25,0
Case 399,340,1,39,25,0
Case 400,340,1,40,25,0
Case 401,340,1.1,25,25,0.9939
Case 403,340,1.1,27,25,0.9937
Case 405,340,1.1,29,25,0
Case 406,340,1.1,30,25,0
Case 407,340,1.1,31,25,0
Case 408,340,1.1,32,25,0
Case 409,340,1.1,33,25,0
Case 410,340,1.1,34,25,0
Case 411,340,1.1,35,25,0
Case 412,340,1.1,36,25,0
Case 413,340,1.1,37,25,0
Case 414,340,1.1,38,25,0
Case 415,340,1.1,39,25,0
Case 416,340,1.1,40,25,0
Case 417,340,1.2,25,25,0.9939
Case 419,340,1.2,27,25,0.9937
Case 421,340,1.2,29,25,0
Case 422,340,1.2,30,25,0
Case 423,340,1.2,31,25,0
Case 424,340,1.2,32,25,0
Case 425,340,1.2,33,25,0
Case 426,340,1.2,34,25,0
Case 427,340,1.2,35,25,0
Case 428,340,1.2,36,25,0
Case 429,340,1.2,37,25,0
Case 430,340,1.2,38,25,0
Case 431,340,1.2,39,25,0
Case 432,340,1.2,40,25,0
Case 433,340,1.3,25,25,0.9939
Case 435,340,1.3,27,25,0.9937
Case 437,340,1.3,29,25,0
Case 438,340,1.3,30,25,0
Case 439,340,1.3,31,25,0
Case 440,340,1.3,32,25,0
Case 441,340,1.3,33,25,0
Case 442,340,1.3,34,25,0
Case 443,340,1.3,35,25,0
Case 444,340,1.3,36,25,0
Case 445,340,1.3,37,25,0
Case 446,340,1.3,38,25,0
Case 447,340,1.3,39,25,0
Case 448,340,1.3,40,25,0
Case 449,340,1.4,25,25,0.9939
Case 451,340,1.4,27,25,0.9937
Case 453,340,1.4,29,25,0
Case 454,340,1.4,30,25,0
Case 455,340,1.4,31,25,0
Case 456,340,1.4,32,25,0
Case 457,340,1.4,33,25,0
Case 458,340,1.4,34,25,0
Case 459,340,1.4,35,25,0
Case 460,340,1.4,36,25,0
Case 461,340,1.4,37,25,0
Case 462,340,1.4,38,25,0
Case 463,340,1.4,39,25,0
Case 464,340,1.4,40,25,0
Case 465,340,1.5,25,25,0.9939
Case 467,340,1.5,27,25,0.9937
Case 469,340,1.5,29,25,0
Case 470,340,1.5,30,25,0
Case 471,340,1.5,31,25,0
Case 472,340,1.5,32,25,0
Case 473,340,1.5,33,25,0
Case 474,340,1.5,34,25,0
Case 475,340,1.5,35,25,0
Case 476,340,1.5,36,25,0
Case 477,340,1.5,37,25,0
Case 478,340,1.5,38,25,0
Case 479,340,1.5,39,25,0
Case 480,340,1.5,40,25,0
Case 481,350,1,25,25,0.9936
Case 483,350,1,27,25,0.9935
Case 485,350,1,29,25,0
Case 486,350,1,30,25,0
Case 487,350,1,31,25,0
Case 488,350,1,32,25,0
Case 489,350,1,33,25,0
Case 490,350,1,34,25,0
Case 491,350,1,35,25,0
Case 492,350,1,36,25,0
Case 493,350,1,37,25,0
Case 494,350,1,38,25,0
Case 495,350,1,39,25,0
Case 496,350,1,40,25,0
Case 497,350,1.1,25,25,0.9936
Case 499,350,1.1,27,25,0.9935
Case 501,350,1.1,29,25,0
Case 502,350,1.1,30,25,0
Case 503,350,1.1,31,25,0
Case 504,350,1.1,32,25,0
Case 505,350,1.1,33,25,0
Case 506,350,1.1,34,25,0
Case 507,350,1.1,35,25,0
Case 508,350,1.1,36,25,0
Case 509,350,1.1,37,25,0
Case 510,350,1.1,38,25,0
Case 511,350,1.1,39,25,0
Case 512,350,1.1,40,25,0
Case 513,350,1.2,25,25,0.9937
Case 515,350,1.2,27,25,0.9935
Case 517,350,1.2,29,25,0
Case 518,350,1.2,30,25,0
Case 519,350,1.2,31,25,0
Case 520,350,1.2,32,25,0
Case 521,350,1.2,33,25,0
Case 522,350,1.2,34,25,0
Case 523,350,1.2,35,25,0
Case 524,350,1.2,36,25,0
Case 525,350,1.2,37,25,0
Case 526,350,1.2,38,25,0
Case 527,350,1.2,39,25,0
Case 528,350,1.2,40,25,0
Case 529,350,1.3,25,25,0.9937
Case 531,350,1.3,27,25,0.9935
Case 533,350,1.3,29,25,0
Case 534,350,1.3,30,25,0
Case 535,350,1.3,31,25,0
Case 536,350,1.3,32,25,0
Case 537,350,1.3,33,25,0
Case 538,350,1.3,34,25,0
Case 539,350,1.3,35,25,0
Case 540,350,1.3,36,25,0
Case 541,350,1.3,37,25,0
Case 542,350,1.3,38,25,0
Case 543,350,1.3,39,25,0
Case 544,350,1.3,40,25,0
Case 545,350,1.4,25,25,0.9937
Case 547,350,1.4,27,25,0.9935
Case 549,350,1.4,29,25,0
Case 550,350,1.4,30,25,0
Case 551,350,1.4,31,25,0
Case 552,350,1.4,32,25,0
Case 553,350,1.4,33,25,0
Case 554,350,1.4,34,25,0
Case 555,350,1.4,35,25,0
Case 556,350,1.4,36,25,0
Case 557,350,1.4,37,25,0
Case 558,350,1.4,38,25,0
Case 559,350,1.4,39,25,0
Case 560,350,1.4,40,25,0
Case 561,350,1.5,25,25,0.9937
Case 563,350,1.5,27,25,0.9935
Case 565,350,1.5,29,25,0
Case 566,350,1.5,30,25,0
Case 567,350,1.5,31,25,0
Case 568,350,1.5,32,25,0
Case 569,350,1.5,33,25,0
Case 570,350,1.5,34,25,0
Case 571,350,1.5,35,25,0
Case 572,350,1.5,36,25,0
Case 573,350,1.5,37,25,0
Case 574,350,1.5,38,25,0
Case 575,350,1.5,39,25,0
Case 576,350,1.5,40,25,0
Case 577,360,1,25,25,0.9934
Case 579,360,1,27,25,0.9932
Case 580,360,1,28,25,0.9931
Case 582,360,1,30,25,0
Case 583,360,1,31,25,0
Case 584,360,1,32,25,0
Case 585,360,1,33,25,0
Case 586,360,1,34,25,0
Case 587,360,1,35,25,0
Case 588,360,1,36,25,0
Case 589,360,1,37,25,0
Case 590,360,1,38,25,0
Case 591,360,1,39,25,0
Case 592,360,1,40,25,0
Case 593,360,1.1,25,25,0.9934
Case 594,360,1.1,26,25,0.9933
Case 595,360,1.1,27,25,0.9932
Case 596,360,1.1,28,25,0.9931
Case 598,360,1.1,30,25,0
Case 599,360,1.1,31,25,0
Case 600,360,1.1,32,25,0
Case 601,360,1.1,33,25,0
Case 602,360,1.1,34,25,0
Case 603,360,1.1,35,25,0
Case 604,360,1.1,36,25,0
Case 605,360,1.1,37,25,0
Case 606,360,1.1,38,25,0
Case 607,360,1.1,39,25,0
Case 608,360,1.1,40,25,0
Case 609,360,1.2,25,25,0.9934
Case 610,360,1.2,26,25,0.9933
Case 611,360,1.2,27,25,0.9932
Case 612,360,1.2,28,25,0.9931
Case 614,360,1.2,30,25,0
Case 615,360,1.2,31,25,0
Case 616,360,1.2,32,25,0
Case 617,360,1.2,33,25,0
Case 618,360,1.2,34,25,0
Case 619,360,1.2,35,25,0
Case 620,360,1.2,36,25,0
Case 621,360,1.2,37,25,0
Case 622,360,1.2,38,25,0
Case 623,360,1.2,39,25,0
Case 624,360,1.2,40,25,0
Case 625,360,1.3,25,25,0.9934
Case 626,360,1.3,26,25,0.9933
Case 627,360,1.3,27,25,0.9932
Case 628,360,1.3,28,25,0.9931
Case 630,360,1.3,30,25,0
Case 631,360,1.3,31,25,0
Case 632,360,1.3,32,25,0
Case 633,360,1.3,33,25,0
Case 634,360,1.3,34,25,0
Case 635,360,1.3,35,25,0
Case 636,360,1.3,36,25,0
Case 637,360,1.3,37,25,0
Case 638,360,1.3,38,25,0
Case 639,360,1.3,39,25,0
Case 640,360,1.3,40,25,0
Case 641,360,1.4,25,25,0.9934
Case 642,360,1.4,26,25,0.9933
Case 643,360,1.4,27,25,0.9932
Case 644,360,1.4,28,25,0.9931
Case 646,360,1.4,30,25,0
Case 647,360,1.4,31,25,0
Case 648,360,1.4,32,25,0
Case 649,360,1.4,33,25,0
Case 650,360,1.4,34,25,0
Case 651,360,1.4,35,25,0
Case 652,360,1.4,36,25,0
Case 653,360,1.4,37,25,0
Case 654,360,1.4,38,25,0
Case 655,360,1.4,39,25,0
Case 656,360,1.4,40,25,0
Case 657,360,1.5,25,25,0.9934
Case 658,360,1.5,26,25,0.9933
Case 659,360,1.5,27,25,0.9932
Case 660,360,1.5,28,25,0.9931
Case 662,360,1.5,30,25,0
Case 663,360,1.5,31,25,0
Case 664,360,1.5,32,25,0
Case 665,360,1.5,33,25,0
Case 666,360,1.5,34,25,0
Case 667,360,1.5,35,25,0
Case 668,360,1.5,36,25,0
Case 669,360,1.5,37,25,0
Case 670,360,1.5,38,25,0
Case 671,360,1.5,39,25,0
Case 672,360,1.5,40,25,0
Case 673,370,1,25,25,0.9931
Case 674,370,1,26,25,0.993
Case 675,370,1,27,25,0.9929
Case 676,370,1,28,25,0.9928
Case 678,370,1,30,25,0
Case 679,370,1,31,25,0
Case 680,370,1,32,25,0
Case 681,370,1,33,25,0
Case 682,370,1,34,25,0
Case 683,370,1,35,25,0
Case 684,370,1,36,25,0
Case 685,370,1,37,25,0
Case 686,370,1,38,25,0
Case 687,370,1,39,25,0
Case 688,370,1,40,25,0
Case 689,370,1.1,25,25,0.9931
Case 690,370,1.1,26,25,0.993
Case 691,370,1.1,27,25,0.9929
Case 692,370,1.1,28,25,0.9928
Case 694,370,1.1,30,25,0
Case 695,370,1.1,31,25,0
Case 696,370,1.1,32,25,0
Case 697,370,1.1,33,25,0
Case 698,370,1.1,34,25,0
Case 699,370,1.1,35,25,0
Case 700,370,1.1,36,25,0
Case 701,370,1.1,37,25,0
Case 702,370,1.1,38,25,0
Case 703,370,1.1,39,25,0
Case 704,370,1.1,40,25,0
Case 705,370,1.2,25,25,0.9931
Case 706,370,1.2,26,25,0.993
Case 707,370,1.2,27,25,0.9929
Case 708,370,1.2,28,25,0.9928
Case 710,370,1.2,30,25,0
Case 711,370,1.2,31,25,0
Case 712,370,1.2,32,25,0
Case 713,370,1.2,33,25,0
Case 714,370,1.2,34,25,0
Case 715,370,1.2,35,25,0
Case 716,370,1.2,36,25,0
Case 717,370,1.2,37,25,0
Case 718,370,1.2,38,25,0
Case 719,370,1.2,39,25,0
Case 720,370,1.2,40,25,0
Case 721,370,1.3,25,25,0.9931
Case 722,370,1.3,26,25,0.993
Case 723,370,1.3,27,25,0.9929
Case 724,370,1.3,28,25,0.9928
Case 726,370,1.3,30,25,0
Case 727,370,1.3,31,25,0
Case 728,370,1.3,32,25,0
Case 729,370,1.3,33,25,0
Case 730,370,1.3,34,25,0
Case 731,370,1.3,35,25,0
Case 732,370,1.3,36,25,0
Case 733,370,1.3,37,25,0
Case 734,370,1.3,38,25,0
Case 735,370,1.3,39,25,0
Case 736,370,1.3,40,25,0
Case 737,370,1.4,25,25,0.9931
Case 738,370,1.4,26,25,0.993
Case 739,370,1.4,27,25,0.9929
Case 740,370,1.4,28,25,0.9928
Case 742,370,1.4,30,25,0
Case 743,370,1.4,31,25,0
Case 744,370,1.4,32,25,0
Case 745,370,1.4,33,25,0
Case 746,370,1.4,34,25,0
Case 747,370,1.4,35,25,0
Case 748,370,1.4,36,25,0
Case 749,370,1.4,37,25,0
Case 750,370,1.4,38,25,0
Case 751,370,1.4,39,25,0
Case 752,370,1.4,40,25,0
Case 753,370,1.5,25,25,0.9931
Case 754,370,1.5,26,25,0.993
Case 755,370,1.5,27,25,0.9929
Case 756,370,1.5,28,25,0.9928
Case 758,370,1.5,30,25,0
Case 759,370,1.5,31,25,0
Case 760,370,1.5,32,25,0
Case 761,370,1.5,33,25,0
Case 762,370,1.5,34,25,0
Case 763,370,1.5,35,25,0
Case 764,370,1.5,36,25,0
Case 765,370,1.5,37,25,0
Case 766,370,1.5,38,25,0
Case 767,370,1.5,39,25,0
Case 768,370,1.5,40,25,0
Case 769,380,1,25,25,0.9929
Case 770,380,1,26,25,0.9928
Case 771,380,1,27,25,0.9926
Case 772,380,1,28,25,0.9925
Case 773,380,1,29,25,0.9924
Case 775,380,1,31,25,0
Case 776,380,1,32,25,0
Case 777,380,1,33,25,0
Case 778,380,1,34,25,0
Case 779,380,1,35,25,0
Case 780,380,1,36,25,0
Case 781,380,1,37,25,0
Case 782,380,1,38,25,0
Case 783,380,1,39,25,0
Case 784,380,1,40,25,0
Case 785,380,1.1,25,25,0.9929
Case 786,380,1.1,26,25,0.9928
Case 787,380,1.1,27,25,0.9926
Case 788,380,1.1,28,25,0.9925
Case 789,380,1.1,29,25,0.9924
Case 791,380,1.1,31,25,0
Case 792,380,1.1,32,25,0
Case 793,380,1.1,33,25,0
Case 794,380,1.1,34,25,0
Case 795,380,1.1,35,25,0
Case 796,380,1.1,36,25,0
Case 797,380,1.1,37,25,0
Case 798,380,1.1,38,25,0
Case 799,380,1.1,39,25,0
Case 800,380,1.1,40,25,0
Case 801,380,1.2,25,25,0.9929
Case 802,380,1.2,26,25,0.9928
Case 803,380,1.2,27,25,0.9926
Case 804,380,1.2,28,25,0.9925
Case 805,380,1.2,29,25,0.9924
Case 807,380,1.2,31,25,0
Case 808,380,1.2,32,25,0
Case 809,380,1.2,33,25,0
Case 810,380,1.2,34,25,0
Case 811,380,1.2,35,25,0
Case 812,380,1.2,36,25,0
Case 813,380,1.2,37,25,0
Case 814,380,1.2,38,25,0
Case 815,380,1.2,39,25,0
Case 816,380,1.2,40,25,0
Case 817,380,1.3,25,25,0.9929
Case 818,380,1.3,26,25,0.9928
Case 819,380,1.3,27,25,0.9926
Case 820,380,1.3,28,25,0.9925
Case 821,380,1.3,29,25,0.9924
Case 823,380,1.3,31,25,0
Case 824,380,1.3,32,25,0
Case 825,380,1.3,33,25,0
Case 826,380,1.3,34,25,0
Case 827,380,1.3,35,25,0
Case 828,380,1.3,36,25,0
Case 829,380,1.3,37,25,0
Case 830,380,1.3,38,25,0
Case 831,380,1.3,39,25,0
Case 832,380,1.3,40,25,0
Case 833,380,1.4,25,25,0.9929
Case 834,380,1.4,26,25,0.9928
Case 835,380,1.4,27,25,0.9926
Case 836,380,1.4,28,25,0.9925
Case 837,380,1.4,29,25,0.9924
Case 839,380,1.4,31,25,0
Case 840,380,1.4,32,25,0
Case 841,380,1.4,33,25,0
Case 842,380,1.4,34,25,0
Case 843,380,1.4,35,25,0
Case 844,380,1.4,36,25,0
Case 845,380,1.4,37,25,0
Case 846,380,1.4,38,25,0
Case 847,380,1.4,39,25,0
Case 848,380,1.4,40,25,0
Case 849,380,1.5,25,25,0.9929
Case 850,380,1.5,26,25,0.9928
Case 851,380,1.5,27,25,0.9927
Case 852,380,1.5,28,25,0.9925
Case 853,380,1.5,29,25,0.9924
Case 855,380,1.5,31,25,0
Case 856,380,1.5,32,25,0
Case 857,380,1.5,33,25,0
Case 858,380,1.5,34,25,0
Case 859,380,1.5,35,25,0
Case 860,380,1.5,36,25,0
Case 861,380,1.5,37,25,0
Case 862,380,1.5,38,25,0
Case 863,380,1.5,39,25,0
Case 864,380,1.5,40,25,0
Case 865,390,1,25,25,0.9926
Case 866,390,1,26,25,0.9925
Case 867,390,1,27,25,0.9923
Case 868,390,1,28,25,0.9922
Case 869,390,1,29,25,0.9921
Case 871,390,1,31,25,0
Case 872,390,1,32,25,0
Case 873,390,1,33,25,0
Case 874,390,1,34,25,0
Case 875,390,1,35,25,0
Case 876,390,1,36,25,0
Case 877,390,1,37,25,0
Case 878,390,1,38,25,0
Case 879,390,1,39,25,0
Case 880,390,1,40,25,0
Case 881,390,1.1,25,25,0.9926
Case 882,390,1.1,26,25,0.9925
Case 883,390,1.1,27,25,0.9924
Case 884,390,1.1,28,25,0.9922
Case 885,390,1.1,29,25,0.9921
Case 887,390,1.1,31,25,0
Case 888,390,1.1,32,25,0
Case 889,390,1.1,33,25,0
Case 890,390,1.1,34,25,0
Case 891,390,1.1,35,25,0
Case 892,390,1.1,36,25,0
Case 893,390,1.1,37,25,0
Case 894,390,1.1,38,25,0
Case 895,390,1.1,39,25,0
Case 896,390,1.1,40,25,0
Case 897,390,1.2,25,25,0.9926
Case 898,390,1.2,26,25,0.9925
Case 899,390,1.2,27,25,0.9924
Case 900,390,1.2,28,25,0.9922
Case 901,390,1.2,29,25,0.9921
Case 903,390,1.2,31,25,0
Case 904,390,1.2,32,25,0
Case 905,390,1.2,33,25,0
Case 906,390,1.2,34,25,0
Case 907,390,1.2,35,25,0
Case 908,390,1.2,36,25,0
Case 909,390,1.2,37,25,0
Case 910,390,1.2,38,25,0
Case 911,390,1.2,39,25,0
Case 912,390,1.2,40,25,0
Case 913,390,1.3,25,25,0.9926
Case 914,390,1.3,26,25,0.9925
Case 915,390,1.3,27,25,0.9924
Case 916,390,1.3,28,25,0.9922
Case 917,390,1.3,29,25,0.9921
Case 919,390,1.3,31,25,0
Case 920,390,1.3,32,25,0
Case 921,390,1.3,33,25,0
Case 922,390,1.3,34,25,0
Case 923,390,1.3,35,25,0
Case 924,390,1.3,36,25,0
Case 925,390,1.3,37,25,0
Case 926,390,1.3,38,25,0
Case 927,390,1.3,39,25,0
Case 928,390,1.3,40,25,0
Case 929,390,1.4,25,25,0.9926
Case 930,390,1.4,26,25,0.9925
Case 931,390,1.4,27,25,0.9924
Case 932,390,1.4,28,25,0.9922
Case 933,390,1.4,29,25,0.9921
Case 935,390,1.4,31,25,0
Case 936,390,1.4,32,25,0
Case 937,390,1.4,33,25,0
Case 938,390,1.4,34,25,0
Case 939,390,1.4,35,25,0
Case 940,390,1.4,36,25,0
Case 941,390,1.4,37,25,0
Case 942,390,1.4,38,25,0
Case 943,390,1.4,39,25,0
Case 944,390,1.4,40,25,0
Case 945,390,1.5,25,25,0.9926
Case 946,390,1.5,26,25,0.9925
Case 947,390,1.5,27,25,0.9924
Case 948,390,1.5,28,25,0.9922
Case 949,390,1.5,29,25,0.9921
Case 951,390,1.5,31,25,0
Case 952,390,1.5,32,25,0
Case 953,390,1.5,33,25,0
Case 954,390,1.5,34,25,0
Case 955,390,1.5,35,25,0
Case 956,390,1.5,36,25,0
Case 957,390,1.5,37,25,0
Case 958,390,1.5,38,25,0
Case 959,390,1.5,39,25,0
Case 960,390,1.5,40,25,0
Case 961,400,1,25,25,0.9923
Case 962,400,1,26,25,0.9922
Case 963,400,1,27,25,0.9921
Case 964,400,1,28,25,0.9919
Case 965,400,1,29,25,0.9918
Case 967,400,1,31,25,0
Case 968,400,1,32,25,0
Case 969,400,1,33,25,0
Case 970,400,1,34,25,0
Case 971,400,1,35,25,0
Case 972,400,1,36,25,0
Case 973,400,1,37,25,0
Case 974,400,1,38,25,0
Case 975,400,1,39,25,0
Case 976,400,1,40,25,0
Case 977,400,1.1,25,25,0.9923
Case 978,400,1.1,26,25,0.9922
Case 979,400,1.1,27,25,0.9921
Case 980,400,1.1,28,25,0.9919
Case 981,400,1.1,29,25,0.9918
Case 983,400,1.1,31,25,0
Case 984,400,1.1,32,25,0
Case 985,400,1.1,33,25,0
Case 986,400,1.1,34,25,0
Case 987,400,1.1,35,25,0
Case 988,400,1.1,36,25,0
Case 989,400,1.1,37,25,0
Case 990,400,1.1,38,25,0
Case 991,400,1.1,39,25,0
Case 992,400,1.1,40,25,0
Case 993,400,1.2,25,25,0.9923
Case 994,400,1.2,26,25,0.9922
Case 995,400,1.2,27,25,0.9921
Case 996,400,1.2,28,25,0.9919
Case 997,400,1.2,29,25,0.9918
Case 999,400,1.2,31,25,0
Case 1000,400,1.2,32,25,0
Case 1001,400,1.2,33,25,0
Case 1002,400,1.2,34,25,0
Case 1003,400,1.2,35,25,0
Case 1004,400,1.2,36,25,0
Case 1005,400,1.2,37,25,0
Case 1006,400,1.2,38,25,0
Case 1007,400,1.2,39,25,0
Case 1008,400,1.2,40,25,0
Case 1009,400,1.3,25,25,0.9923
Case 1010,400,1.3,26,25,0.9922
Case 1011,400,1.3,27,25,0.9921
Case 1012,400,1.3,28,25,0.9919
Case 1013,400,1.3,29,25,0.9918
Case 1014,400,1.3,30,25,0.9917
Case 1016,400,1.3,32,25,0
Case 1017,400,1.3,33,25,0
Case 1018,400,1.3,34,25,0
Case 1019,400,1.3,35,25,0
Case 1020,400,1.3,36,25,0
Case 1021,400,1.3,37,25,0
Case 1022,400,1.3,38,25,0
Case 1023,400,1.3,39,25,0
Case 1024,400,1.3,40,25,0
Case 1025,400,1.4,25,25,0.9923
Case 1026,400,1.4,26,25,0.9922
Case 1027,400,1.4,27,25,0.9921
Case 1028,400,1.4,28,25,0.9919
Case 1029,400,1.4,29,25,0.9918
Case 1030,400,1.4,30,25,0.9917
Case 1032,400,1.4,32,25,0
Case 1033,400,1.4,33,25,0
Case 1034,400,1.4,34,25,0
Case 1035,400,1.4,35,25,0
Case 1036,400,1.4,36,25,0
Case 1037,400,1.4,37,25,0
Case 1038,400,1.4,38,25,0
Case 1039,400,1.4,39,25,0
Case 1040,400,1.4,40,25,0
Case 1041,400,1.5,25,25,0.9923
Case 1042,400,1.5,26,25,0.9922
Case 1043,400,1.5,27,25,0.9921
Case 1044,400,1.5,28,25,0.9919
Case 1045,400,1.5,29,25,0.9918
Case 1046,400,1.5,30,25,0.9917
Case 1048,400,1.5,32,25,0
Case 1049,400,1.5,33,25,0
Case 1050,400,1.5,34,25,0
Case 1051,400,1.5,35,25,0
Case 1052,400,1.5,36,25,0
Case 1053,400,1.5,37,25,0
Case 1054,400,1.5,38,25,0
Case 1055,400,1.5,39,25,0
Case 1056,400,1.5,40,25,0
Case 1057,410,1,25,25,0.992
Case 1058,410,1,26,25,0.9919
Case 1059,410,1,27,25,0.9917
Case 1060,410,1,28,25,0.9916
Case 1061,410,1,29,25,0.9915
Case 1062,410,1,30,25,0.9913
Case 1064,410,1,32,25,0
Case 1065,410,1,33,25,0
Case 1066,410,1,34,25,0
Case 1067,410,1,35,25,0
Case 1068,410,1,36,25,0
Case 1069,410,1,37,25,0
Case 1070,410,1,38,25,0
Case 1071,410,1,39,25,0
Case 1072,410,1,40,25,0
Case 1073,410,1.1,25,25,0.992
Case 1074,410,1.1,26,25,0.9919
Case 1075,410,1.1,27,25,0.9917
Case 1076,410,1.1,28,25,0.9916
Case 1077,410,1.1,29,25,0.9915
Case 1078,410,1.1,30,25,0.9913
Case 1080,410,1.1,32,25,0
Case 1081,410,1.1,33,25,0
Case 1082,410,1.1,34,25,0
Case 1083,410,1.1,35,25,0
Case 1084,410,1.1,36,25,0
Case 1085,410,1.1,37,25,0
Case 1086,410,1.1,38,25,0
Case 1087,410,1.1,39,25,0
Case 1088,410,1.1,40,25,0
Case 1089,410,1.2,25,25,0.992
Case 1090,410,1.2,26,25,0.9919
Case 1091,410,1.2,27,25,0.9918
Case 1092,410,1.2,28,25,0.9916
Case 1093,410,1.2,29,25,0.9915
Case 1094,410,1.2,30,25,0.9913
Case 1096,410,1.2,32,25,0
Case 1097,410,1.2,33,25,0
Case 1098,410,1.2,34,25,0
Case 1099,410,1.2,35,25,0
Case 1100,410,1.2,36,25,0
Case 1101,410,1.2,37,25,0
Case 1102,410,1.2,38,25,0
Case 1103,410,1.2,39,25,0
Case 1104,410,1.2,40,25,0
Case 1105,410,1.3,25,25,0.992
Case 1106,410,1.3,26,25,0.9919
Case 1107,410,1.3,27,25,0.9918
Case 1108,410,1.3,28,25,0.9916
Case 1109,410,1.3,29,25,0.9915
Case 1110,410,1.3,30,25,0.9913
Case 1112,410,1.3,32,25,0
Case 1113,410,1.3,33,25,0
Case 1114,410,1.3,34,25,0
Case 1115,410,1.3,35,25,0
Case 1116,410,1.3,36,25,0
Case 1117,410,1.3,37,25,0
Case 1118,410,1.3,38,25,0
Case 1119,410,1.3,39,25,0
Case 1120,410,1.3,40,25,0
Case 1121,410,1.4,25,25,0.992
Case 1122,410,1.4,26,25,0.9919
Case 1123,410,1.4,27,25,0.9918
Case 1124,410,1.4,28,25,0.9916
Case 1125,410,1.4,29,25,0.9915
Case 1126,410,1.4,30,25,0.9913
Case 1128,410,1.4,32,25,0
Case 1129,410,1.4,33,25,0
Case 1130,410,1.4,34,25,0
Case 1131,410,1.4,35,25,0
Case 1132,410,1.4,36,25,0
Case 1133,410,1.4,37,25,0
Case 1134,410,1.4,38,25,0
Case 1135,410,1.4,39,25,0
Case 1136,410,1.4,40,25,0
Case 1137,410,1.5,25,25,0.992
Case 1138,410,1.5,26,25,0.9919
Case 1139,410,1.5,27,25,0.9918
Case 1140,410,1.5,28,25,0.9916
Case 1141,410,1.5,29,25,0.9915
Case 1142,410,1.5,30,25,0.9913
Case 1144,410,1.5,32,25,0
Case 1145,410,1.5,33,25,0
Case 1146,410,1.5,34,25,0
Case 1147,410,1.5,35,25,0
Case 1148,410,1.5,36,25,0
Case 1149,410,1.5,37,25,0
Case 1150,410,1.5,38,25,0
Case 1151,410,1.5,39,25,0
Case 1152,410,1.5,40,25,0
Case 1153,420,1,25,25,0.9917
Case 1154,420,1,26,25,0.9916
Case 1155,420,1,27,25,0.9914
Case 1156,420,1,28,25,0.9913
Case 1157,420,1,29,25,0.9911
Case 1158,420,1,30,25,0.991
Case 1160,420,1,32,25,0
Case 1161,420,1,33,25,0
Case 1162,420,1,34,25,0
Case 1163,420,1,35,25,0
Case 1164,420,1,36,25,0
Case 1165,420,1,37,25,0
Case 1166,420,1,38,25,0
Case 1167,420,1,39,25,0
Case 1168,420,1,40,25,0
Case 1169,420,1.1,25,25,0.9917
Case 1170,420,1.1,26,25,0.9916
Case 1171,420,1.1,27,25,0.9914
Case 1172,420,1.1,28,25,0.9913
Case 1173,420,1.1,29,25,0.9911
Case 1174,420,1.1,30,25,0.991
Case 1176,420,1.1,32,25,0
Case 1177,420,1.1,33,25,0
Case 1178,420,1.1,34,25,0
Case 1179,420,1.1,35,25,0
Case 1180,420,1.1,36,25,0
Case 1181,420,1.1,37,25,0
Case 1182,420,1.1,38,25,0
Case 1183,420,1.1,39,25,0
Case 1184,420,1.1,40,25,0
Case 1185,420,1.2,25,25,0.9917
Case 1186,420,1.2,26,25,0.9916
Case 1187,420,1.2,27,25,0.9914
Case 1188,420,1.2,28,25,0.9913
Case 1189,420,1.2,29,25,0.9911
Case 1190,420,1.2,30,25,0.991
Case 1192,420,1.2,32,25,0
Case 1193,420,1.2,33,25,0
Case 1194,420,1.2,34,25,0
Case 1195,420,1.2,35,25,0
Case 1196,420,1.2,36,25,0
Case 1197,420,1.2,37,25,0
Case 1198,420,1.2,38,25,0
Case 1199,420,1.2,39,25,0
Case 1200,420,1.2,40,25,0
Case 1201,420,1.3,25,25,0.9917
Case 1202,420,1.3,26,25,0.9916
Case 1203,420,1.3,27,25,0.9914
Case 1204,420,1.3,28,25,0.9913
Case 1205,420,1.3,29,25,0.9911
Case 1206,420,1.3,30,25,0.991
Case 1208,420,1.3,32,25,0
Case 1209,420,1.3,33,25,0
Case 1210,420,1.3,34,25,0
Case 1211,420,1.3,35,25,0
Case 1212,420,1.3,36,25,0
Case 1213,420,1.3,37,25,0
Case 1214,420,1.3,38,25,0
Case 1215,420,1.3,39,25,0
Case 1216,420,1.3,40,25,0
Case 1217,420,1.4,25,25,0.9917
Case 1218,420,1.4,26,25,0.9916
Case 1219,420,1.4,27,25,0.9914
Case 1220,420,1.4,28,25,0.9913
Case 1221,420,1.4,29,25,0.9911
Case 1222,420,1.4,30,25,0.991
Case 1224,420,1.4,32,25,0
Case 1225,420,1.4,33,25,0
Case 1226,420,1.4,34,25,0
Case 1227,420,1.4,35,25,0
Case 1228,420,1.4,36,25,0
Case 1229,420,1.4,37,25,0
Case 1230,420,1.4,38,25,0
Case 1231,420,1.4,39,25,0
Case 1232,420,1.4,40,25,0
Case 1233,420,1.5,25,25,0.9917
Case 1234,420,1.5,26,25,0.9916
Case 1235,420,1.5,27,25,0.9915
Case 1236,420,1.5,28,25,0.9913
Case 1237,420,1.5,29,25,0.9911
Case 1238,420,1.5,30,25,0.991
Case 1240,420,1.5,32,25,0
Case 1241,420,1.5,33,25,0
Case 1242,420,1.5,34,25,0
Case 1243,420,1.5,35,25,0
Case 1244,420,1.5,36,25,0
Case 1245,420,1.5,37,25,0
Case 1246,420,1.5,38,25,0
Case 1247,420,1.5,39,25,0
Case 1248,420,1.5,40,25,0
Case 1249,430,1,25,25,0.9914
Case 1250,430,1,26,25,0.9913
Case 1251,430,1,27,25,0.9911
Case 1252,430,1,28,25,0.991
Case 1253,430,1,29,25,0.9908
Case 1254,430,1,30,25,0.9906
Case 1255,430,1,31,25,0.9905
Case 1257,430,1,33,25,0
Case 1258,430,1,34,25,0
Case 1259,430,1,35,25,0
Case 1260,430,1,36,25,0
Case 1261,430,1,37,25,0
Case 1262,430,1,38,25,0
Case 1263,430,1,39,25,0
Case 1264,430,1,40,25,0
Case 1265,430,1.1,25,25,0.9914
Case 1266,430,1.1,26,25,0.9913
Case 1267,430,1.1,27,25,0.9911
Case 1268,430,1.1,28,25,0.991
Case 1269,430,1.1,29,25,0.9908
Case 1270,430,1.1,30,25,0.9906
Case 1271,430,1.1,31,25,0.9905
Case 1273,430,1.1,33,25,0
Case 1274,430,1.1,34,25,0
Case 1275,430,1.1,35,25,0
Case 1276,430,1.1,36,25,0
Case 1277,430,1.1,37,25,0
Case 1278,430,1.1,38,25,0
Case 1279,430,1.1,39,25,0
Case 1280,430,1.1,40,25,0
Case 1281,430,1.2,25,25,0.9914
Case 1282,430,1.2,26,25,0.9913
Case 1283,430,1.2,27,25,0.9911
Case 1284,430,1.2,28,25,0.991
Case 1285,430,1.2,29,25,0.9908
Case 1286,430,1.2,30,25,0.9906
Case 1287,430,1.2,31,25,0.9905
Case 1289,430,1.2,33,25,0
Case 1290,430,1.2,34,25,0
Case 1291,430,1.2,35,25,0
Case 1292,430,1.2,36,25,0
Case 1293,430,1.2,37,25,0
Case 1294,430,1.2,38,25,0
Case 1295,430,1.2,39,25,0
Case 1296,430,1.2,40,25,0
Case 1297,430,1.3,25,25,0.9914
Case 1298,430,1.3,26,25,0.9913
Case 1299,430,1.3,27,25,0.9911
Case 1300,430,1.3,28,25,0.991
Case 1301,430,1.3,29,25,0.9908
Case 1302,430,1.3,30,25,0.9906
Case 1303,430,1.3,31,25,0.9905
Case 1305,430,1.3,33,25,0
Case 1306,430,1.3,34,25,0
Case 1307,430,1.3,35,25,0
Case 1308,430,1.3,36,25,0
Case 1309,430,1.3,37,25,0
Case 1310,430,1.3,38,25,0
Case 1311,430,1.3,39,25,0
Case 1312,430,1.3,40,25,0
Case 1313,430,1.4,25,25,0.9914
Case 1314,430,1.4,26,25,0.9913
Case 1315,430,1.4,27,25,0.9911
Case 1316,430,1.4,28,25,0.991
Case 1317,430,1.4,29,25,0.9908
Case 1318,430,1.4,30,25,0.9906
Case 1319,430,1.4,31,25,0.9905
Case 1321,430,1.4,33,25,0
Case 1322,430,1.4,34,25,0
Case 1323,430,1.4,35,25,0
Case 1324,430,1.4,36,25,0
Case 1325,430,1.4,37,25,0
Case 1326,430,1.4,38,25,0
Case 1327,430,1.4,39,25,0
Case 1328,430,1.4,40,25,0
Case 1329,430,1.5,25,25,0.9914
Case 1330,430,1.5,26,25,0.9913
Case 1331,430,1.5,27,25,0.9911
Case 1332,430,1.5,28,25,0.991
Case 1333,430,1.5,29,25,0.9908
Case 1334,430,1.5,30,25,0.9906
Case 1335,430,1.5,31,25,0.9905
Case 1337,430,1.5,33,25,0
Case 1338,430,1.5,34,25,0
Case 1339,430,1.5,35,25,0
Case 1340,430,1.5,36,25,0
Case 1341,430,1.5,37,25,0
Case 1342,430,1.5,38,25,0
Case 1343,430,1.5,39,25,0
Case 1344,430,1.5,40,25,0
Case 1345,440,1,25,25,0.9911
Case 1346,440,1,26,25,0.9909
Case 1347,440,1,27,25,0.9908
Case 1348,440,1,28,25,0.9906
Case 1349,440,1,29,25,0.9904
Case 1350,440,1,30,25,0.9903
Case 1351,440,1,31,25,0.9901
Case 1353,440,1,33,25,0
Case 1354,440,1,34,25,0
Case 1355,440,1,35,25,0
Case 1356,440,1,36,25,0
Case 1357,440,1,37,25,0
Case 1358,440,1,38,25,0
Case 1359,440,1,39,25,0
Case 1360,440,1,40,25,0
Case 1361,440,1.1,25,25,0.9911
Case 1362,440,1.1,26,25,0.9909
Case 1363,440,1.1,27,25,0.9908
Case 1364,440,1.1,28,25,0.9906
Case 1365,440,1.1,29,25,0.9904
Case 1366,440,1.1,30,25,0.9903
Case 1367,440,1.1,31,25,0.9901
Case 1369,440,1.1,33,25,0
Case 1370,440,1.1,34,25,0
Case 1371,440,1.1,35,25,0
Case 1372,440,1.1,36,25,0
Case 1373,440,1.1,37,25,0
Case 1374,440,1.1,38,25,0
Case 1375,440,1.1,39,25,0
Case 1376,440,1.1,40,25,0
Case 1377,440,1.2,25,25,0.9911
Case 1378,440,1.2,26,25,0.9909
Case 1379,440,1.2,27,25,0.9908
Case 1380,440,1.2,28,25,0.9906
Case 1381,440,1.2,29,25,0.9904
Case 1382,440,1.2,30,25,0.9903
Case 1383,440,1.2,31,25,0.9901
Case 1385,440,1.2,33,25,0
Case 1386,440,1.2,34,25,0
Case 1387,440,1.2,35,25,0
Case 1388,440,1.2,36,25,0
Case 1389,440,1.2,37,25,0
Case 1390,440,1.2,38,25,0
Case 1391,440,1.2,39,25,0
Case 1392,440,1.2,40,25,0
Case 1393,440,1.3,25,25,0.9911
Case 1394,440,1.3,26,25,0.9909
Case 1395,440,1.3,27,25,0.9908
Case 1396,440,1.3,28,25,0.9906
Case 1397,440,1.3,29,25,0.9904
Case 1398,440,1.3,30,25,0.9903
Case 1399,440,1.3,31,25,0.9901
Case 1401,440,1.3,33,25,0
Case 1402,440,1.3,34,25,0
Case 1403,440,1.3,35,25,0
Case 1404,440,1.3,36,25,0
Case 1405,440,1.3,37,25,0
Case 1406,440,1.3,38,25,0
Case 1407,440,1.3,39,25,0
Case 1408,440,1.3,40,25,0
Case 1409,440,1.4,25,25,0.9911
Case 1410,440,1.4,26,25,0.9909
Case 1411,440,1.4,27,25,0.9908
Case 1412,440,1.4,28,25,0.9906
Case 1413,440,1.4,29,25,0.9905
Case 1414,440,1.4,30,25,0.9903
Case 1415,440,1.4,31,25,0.9901
Case 1417,440,1.4,33,25,0
Case 1418,440,1.4,34,25,0
Case 1419,440,1.4,35,25,0
Case 1420,440,1.4,36,25,0
Case 1421,440,1.4,37,25,0
Case 1422,440,1.4,38,25,0
Case 1423,440,1.4,39,25,0
Case 1424,440,1.4,40,25,0
Case 1425,440,1.5,25,25,0.9911
Case 1426,440,1.5,26,25,0.991
Case 1427,440,1.5,27,25,0.9908
Case 1428,440,1.5,28,25,0.9906
Case 1429,440,1.5,29,25,0.9905
Case 1430,440,1.5,30,25,0.9903
Case 1431,440,1.5,31,25,0.9901
Case 1433,440,1.5,33,25,0
Case 1434,440,1.5,34,25,0
Case 1435,440,1.5,35,25,0
Case 1436,440,1.5,36,25,0
Case 1437,440,1.5,37,25,0
Case 1438,440,1.5,38,25,0
Case 1439,440,1.5,39,25,0
Case 1440,440,1.5,40,25,0
Case 1441,450,1,25,25,0.9908
Case 1442,450,1,26,25,0.9906
Case 1443,450,1,27,25,0.9904
Case 1444,450,1,28,25,0.9903
Case 1445,450,1,29,25,0.9901
Case 1446,450,1,30,25,0.9899
Case 1447,450,1,31,25,0.9897
Case 1449,450,1,33,25,0
Case 1450,450,1,34,25,0
Case 1451,450,1,35,25,0
Case 1452,450,1,36,25,0
Case 1453,450,1,37,25,0
Case 1454,450,1,38,25,0
Case 1455,450,1,39,25,0
Case 1456,450,1,40,25,0
Case 1457,450,1.1,25,25,0.9908
Case 1458,450,1.1,26,25,0.9906
Case 1459,450,1.1,27,25,0.9904
Case 1460,450,1.1,28,25,0.9903
Case 1461,450,1.1,29,25,0.9901
Case 1462,450,1.1,30,25,0.9899
Case 1463,450,1.1,31,25,0.9897
Case 1465,450,1.1,33,25,0
Case 1466,450,1.1,34,25,0
Case 1467,450,1.1,35,25,0
Case 1468,450,1.1,36,25,0
Case 1469,450,1.1,37,25,0
Case 1470,450,1.1,38,25,0
Case 1471,450,1.1,39,25,0
Case 1472,450,1.1,40,25,0
Case 1473,450,1.2,25,25,0.9908
Case 1474,450,1.2,26,25,0.9906
Case 1475,450,1.2,27,25,0.9904
Case 1476,450,1.2,28,25,0.9903
Case 1477,450,1.2,29,25,0.9901
Case 1478,450,1.2,30,25,0.9899
Case 1479,450,1.2,31,25,0.9897
Case 1481,450,1.2,33,25,0
Case 1482,450,1.2,34,25,0
Case 1483,450,1.2,35,25,0
Case 1484,450,1.2,36,25,0
Case 1485,450,1.2,37,25,0
Case 1486,450,1.2,38,25,0
Case 1487,450,1.2,39,25,0
Case 1488,450,1.2,40,25,0
Case 1489,450,1.3,25,25,0.9908
Case 1490,450,1.3,26,25,0.9906
Case 1491,450,1.3,27,25,0.9904
Case 1492,450,1.3,28,25,0.9903
Case 1493,450,1.3,29,25,0.9901
Case 1494,450,1.3,30,25,0.9899
Case 1495,450,1.3,31,25,0.9897
Case 1497,450,1.3,33,25,0
Case 1498,450,1.3,34,25,0
Case 1499,450,1.3,35,25,0
Case 1500,450,1.3,36,25,0
Case 1501,450,1.3,37,25,0
Case 1502,450,1.3,38,25,0
Case 1503,450,1.3,39,25,0
Case 1504,450,1.3,40,25,0
Case 1505,450,1.4,25,25,0.9908
Case 1506,450,1.4,26,25,0.9906
Case 1507,450,1.4,27,25,0.9905
Case 1508,450,1.4,28,25,0.9903
Case 1509,450,1.4,29,25,0.9901
Case 1510,450,1.4,30,25,0.9899
Case 1511,450,1.4,31,25,0.9897
Case 1513,450,1.4,33,25,0
Case 1514,450,1.4,34,25,0
Case 1515,450,1.4,35,25,0
Case 1516,450,1.4,36,25,0
Case 1517,450,1.4,37,25,0
Case 1518,450,1.4,38,25,0
Case 1519,450,1.4,39,25,0
Case 1520,450,1.4,40,25,0
Case 1521,450,1.5,25,25,0.9908
Case 1522,450,1.5,26,25,0.9906
Case 1523,450,1.5,27,25,0.9905
Case 1524,450,1.5,28,25,0.9903
Case 1525,450,1.5,29,25,0.9901
Case 1526,450,1.5,30,25,0.9899
Case 1527,450,1.5,31,25,0.9897
Case 1529,450,1.5,33,25,0
Case 1530,450,1.5,34,25,0
Case 1531,450,1.5,35,25,0
Case 1532,450,1.5,36,25,0
Case 1533,450,1.5,37,25,0
Case 1534,450,1.5,38,25,0
Case 1535,450,1.5,39,25,0
Case 1536,450,1.5,40,25,0
Case 1537,460,1,25,25,0.9904
Case 1538,460,1,26,25,0.9903
Case 1539,460,1,27,25,0.9901
Case 1540,460,1,28,25,0.9899
Case 1541,460,1,29,25,0.9897
Case 1542,460,1,30,25,0.9895
Case 1543,460,1,31,25,0.9893
Case 1545,460,1,33,25,0
Case 1546,460,1,34,25,0
Case 1547,460,1,35,25,0
Case 1548,460,1,36,25,0
Case 1549,460,1,37,25,0
Case 1550,460,1,38,25,0
Case 1551,460,1,39,25,0
Case 1552,460,1,40,25,0
Case 1553,460,1.1,25,25,0.9904
Case 1554,460,1.1,26,25,0.9903
Case 1555,460,1.1,27,25,0.9901
Case 1556,460,1.1,28,25,0.9899
Case 1557,460,1.1,29,25,0.9897
Case 1558,460,1.1,30,25,0.9895
Case 1559,460,1.1,31,25,0.9893
Case 1561,460,1.1,33,25,0
Case 1562,460,1.1,34,25,0
Case 1563,460,1.1,35,25,0
Case 1564,460,1.1,36,25,0
Case 1565,460,1.1,37,25,0
Case 1566,460,1.1,38,25,0
Case 1567,460,1.1,39,25,0
Case 1568,460,1.1,40,25,0
Case 1569,460,1.2,25,25,0.9904
Case 1570,460,1.2,26,25,0.9903
Case 1571,460,1.2,27,25,0.9901
Case 1572,460,1.2,28,25,0.9899
Case 1573,460,1.2,29,25,0.9897
Case 1574,460,1.2,30,25,0.9895
Case 1575,460,1.2,31,25,0.9893
Case 1577,460,1.2,33,25,0
Case 1578,460,1.2,34,25,0
Case 1579,460,1.2,35,25,0
Case 1580,460,1.2,36,25,0
Case 1581,460,1.2,37,25,0
Case 1582,460,1.2,38,25,0
Case 1583,460,1.2,39,25,0
Case 1584,460,1.2,40,25,0
Case 1585,460,1.3,25,25,0.9904
Case 1586,460,1.3,26,25,0.9903
Case 1587,460,1.3,27,25,0.9901
Case 1588,460,1.3,28,25,0.9899
Case 1589,460,1.3,29,25,0.9897
Case 1590,460,1.3,30,25,0.9895
Case 1591,460,1.3,31,25,0.9893
Case 1592,460,1.3,32,25,0.9891
Case 1594,460,1.3,34,25,0
Case 1595,460,1.3,35,25,0
Case 1596,460,1.3,36,25,0
Case 1597,460,1.3,37,25,0
Case 1598,460,1.3,38,25,0
Case 1599,460,1.3,39,25,0
Case 1600,460,1.3,40,25,0
Case 1601,460,1.4,25,25,0.9904
Case 1602,460,1.4,26,25,0.9903
Case 1603,460,1.4,27,25,0.9901
Case 1604,460,1.4,28,25,0.9899
Case 1605,460,1.4,29,25,0.9897
Case 1606,460,1.4,30,25,0.9895
Case 1607,460,1.4,31,25,0.9893
Case 1608,460,1.4,32,25,0.9891
Case 1610,460,1.4,34,25,0
Case 1611,460,1.4,35,25,0
Case 1612,460,1.4,36,25,0
Case 1613,460,1.4,37,25,0
Case 1614,460,1.4,38,25,0
Case 1615,460,1.4,39,25,0
Case 1616,460,1.4,40,25,0
Case 1617,460,1.5,25,25,0.9904
Case 1618,460,1.5,26,25,0.9903
Case 1619,460,1.5,27,25,0.9901
Case 1620,460,1.5,28,25,0.9899
Case 1621,460,1.5,29,25,0.9897
Case 1622,460,1.5,30,25,0.9895
Case 1623,460,1.5,31,25,0.9893
Case 1624,460,1.5,32,25,0.9891
Case 1626,460,1.5,34,25,0
Case 1627,460,1.5,35,25,0
Case 1628,460,1.5,36,25,0
Case 1629,460,1.5,37,25,0
Case 1630,460,1.5,38,25,0
Case 1631,460,1.5,39,25,0
Case 1632,460,1.5,40,25,0
Case 1633,470,1,25,25,0.9901
Case 1634,470,1,26,25,0.9899
Case 1635,470,1,27,25,0.9897
Case 1636,470,1,28,25,0.9895
Case 1637,470,1,29,25,0.9893
Case 1638,470,1,30,25,0.9891
Case 1639,470,1,31,25,0.9889
Case 1640,470,1,32,25,0.9887
Case 1642,470,1,34,25,0
Case 1643,470,1,35,25,0
Case 1644,470,1,36,25,0
Case 1645,470,1,37,25,0
Case 1646,470,1,38,25,0
Case 1647,470,1,39,25,0
Case 1648,470,1,40,25,0
Case 1649,470,1.1,25,25,0.9901
Case 1650,470,1.1,26,25,0.9899
Case 1651,470,1.1,27,25,0.9897
Case 1652,470,1.1,28,25,0.9895
Case 1653,470,1.1,29,25,0.9893
Case 1654,470,1.1,30,25,0.9891
Case 1655,470,1.1,31,25,0.9889
Case 1656,470,1.1,32,25,0.9887
Case 1658,470,1.1,34,25,0
Case 1659,470,1.1,35,25,0
Case 1660,470,1.1,36,25,0
Case 1661,470,1.1,37,25,0
Case 1662,470,1.1,38,25,0
Case 1663,470,1.1,39,25,0
Case 1664,470,1.1,40,25,0
Case 1665,470,1.2,25,25,0.9902
Case 1666,470,1.2,26,25,0.9899
Case 1667,470,1.2,27,25,0.9897
Case 1668,470,1.2,28,25,0.9895
Case 1669,470,1.2,29,25,0.9893
Case 1670,470,1.2,30,25,0.9891
Case 1671,470,1.2,31,25,0.9889
Case 1672,470,1.2,32,25,0.9887
Case 1674,470,1.2,34,25,0
Case 1675,470,1.2,35,25,0
Case 1676,470,1.2,36,25,0
Case 1677,470,1.2,37,25,0
Case 1678,470,1.2,38,25,0
Case 1679,470,1.2,39,25,0
Case 1680,470,1.2,40,25,0
Case 1681,470,1.3,25,25,0.9902
Case 1682,470,1.3,26,25,0.9899
Case 1683,470,1.3,27,25,0.9897
Case 1684,470,1.3,28,25,0.9895
Case 1685,470,1.3,29,25,0.9893
Case 1686,470,1.3,30,25,0.9891
Case 1687,470,1.3,31,25,0.9889
Case 1688,470,1.3,32,25,0.9887
Case 1690,470,1.3,34,25,0
Case 1691,470,1.3,35,25,0
Case 1692,470,1.3,36,25,0
Case 1693,470,1.3,37,25,0
Case 1694,470,1.3,38,25,0
Case 1695,470,1.3,39,25,0
Case 1696,470,1.3,40,25,0
Case 1697,470,1.4,25,25,0.9902
Case 1698,470,1.4,26,25,0.9899
Case 1699,470,1.4,27,25,0.9897
Case 1700,470,1.4,28,25,0.9895
Case 1701,470,1.4,29,25,0.9893
Case 1702,470,1.4,30,25,0.9891
Case 1703,470,1.4,31,25,0.9889
Case 1704,470,1.4,32,25,0.9887
Case 1706,470,1.4,34,25,0
Case 1707,470,1.4,35,25,0
Case 1708,470,1.4,36,25,0
Case 1709,470,1.4,37,25,0
Case 1710,470,1.4,38,25,0
Case 1711,470,1.4,39,25,0
Case 1712,470,1.4,40,25,0
Case 1713,470,1.5,25,25,0.9902
Case 1714,470,1.5,26,25,0.9899
Case 1715,470,1.5,27,25,0.9897
Case 1716,470,1.5,28,25,0.9896
Case 1717,470,1.5,29,25,0.9893
Case 1718,470,1.5,30,25,0.9891
Case 1719,470,1.5,31,25,0.9889
Case 1720,470,1.5,32,25,0.9887
Case 1722,470,1.5,34,25,0
Case 1723,470,1.5,35,25,0
Case 1724,470,1.5,36,25,0
Case 1725,470,1.5,37,25,0
Case 1726,470,1.5,38,25,0
Case 1727,470,1.5,39,25,0
Case 1728,470,1.5,40,25,0
Case 1729,480,1,25,25,0.9897
Case 1730,480,1,26,25,0.9895
Case 1731,480,1,27,25,0.9893
Case 1732,480,1,28,25,0.9891
Case 1733,480,1,29,25,0.9889
Case 1734,480,1,30,25,0.9887
Case 1735,480,1,31,25,0.9885
Case 1736,480,1,32,25,0.9882
Case 1738,480,1,34,25,0
Case 1739,480,1,35,25,0
Case 1740,480,1,36,25,0
Case 1741,480,1,37,25,0
Case 1742,480,1,38,25,0
Case 1743,480,1,39,25,0
Case 1744,480,1,40,25,0
Case 1745,480,1.1,25,25,0.9897
Case 1746,480,1.1,26,25,0.9895
Case 1747,480,1.1,27,25,0.9893
Case 1748,480,1.1,28,25,0.9891
Case 1749,480,1.1,29,25,0.9889
Case 1750,480,1.1,30,25,0.9887
Case 1751,480,1.1,31,25,0.9885
Case 1752,480,1.1,32,25,0.9882
Case 1754,480,1.1,34,25,0
Case 1755,480,1.1,35,25,0
Case 1756,480,1.1,36,25,0
Case 1757,480,1.1,37,25,0
Case 1758,480,1.1,38,25,0
Case 1759,480,1.1,39,25,0
Case 1760,480,1.1,40,25,0
Case 1761,480,1.2,25,25,0.9897
Case 1762,480,1.2,26,25,0.9895
Case 1763,480,1.2,27,25,0.9894
Case 1764,480,1.2,28,25,0.9892
Case 1765,480,1.2,29,25,0.9889
Case 1766,480,1.2,30,25,0.9887
Case 1767,480,1.2,31,25,0.9885
Case 1768,480,1.2,32,25,0.9882
Case 1770,480,1.2,34,25,0
Case 1771,480,1.2,35,25,0
Case 1772,480,1.2,36,25,0
Case 1773,480,1.2,37,25,0
Case 1774,480,1.2,38,25,0
Case 1775,480,1.2,39,25,0
Case 1776,480,1.2,40,25,0
Case 1777,480,1.3,25,25,0.9897
Case 1778,480,1.3,26,25,0.9896
Case 1779,480,1.3,27,25,0.9894
Case 1780,480,1.3,28,25,0.9892
Case 1781,480,1.3,29,25,0.9889
Case 1782,480,1.3,30,25,0.9887
Case 1783,480,1.3,31,25,0.9885
Case 1784,480,1.3,32,25,0.9883
Case 1786,480,1.3,34,25,0
Case 1787,480,1.3,35,25,0
Case 1788,480,1.3,36,25,0
Case 1789,480,1.3,37,25,0
Case 1790,480,1.3,38,25,0
Case 1791,480,1.3,39,25,0
Case 1792,480,1.3,40,25,0
Case 1793,480,1.4,25,25,0.9897
Case 1794,480,1.4,26,25,0.9896
Case 1795,480,1.4,27,25,0.9894
Case 1796,480,1.4,28,25,0.9892
Case 1797,480,1.4,29,25,0.9889
Case 1798,480,1.4,30,25,0.9887
Case 1799,480,1.4,31,25,0.9885
Case 1800,480,1.4,32,25,0.9883
Case 1802,480,1.4,34,25,0
Case 1803,480,1.4,35,25,0
Case 1804,480,1.4,36,25,0
Case 1805,480,1.4,37,25,0
Case 1806,480,1.4,38,25,0
Case 1807,480,1.4,39,25,0
Case 1808,480,1.4,40,25,0
Case 1809,480,1.5,25,25,0.9898
Case 1810,480,1.5,26,25,0.9896
Case 1811,480,1.5,27,25,0.9894
Case 1812,480,1.5,28,25,0.9892
Case 1813,480,1.5,29,25,0.989
Case 1814,480,1.5,30,25,0.9887
Case 1815,480,1.5,31,25,0.9885
Case 1816,480,1.5,32,25,0.9883
Case 1818,480,1.5,34,25,0
Case 1819,480,1.5,35,25,0
Case 1820,480,1.5,36,25,0
Case 1821,480,1.5,37,25,0
Case 1822,480,1.5,38,25,0
Case 1823,480,1.5,39,25,0
Case 1824,480,1.5,40,25,0
Case 1825,490,1,25,25,0.9895
Case 1826,490,1,26,25,0.9892
Case 1827,490,1,27,25,0.989
Case 1828,490,1,28,25,0.9887
Case 1829,490,1,29,25,0.9885
Case 1830,490,1,30,25,0.9883
Case 1831,490,1,31,25,0.988
Case 1832,490,1,32,25,0.9878
Case 1834,490,1,34,25,0
Case 1835,490,1,35,25,0
Case 1836,490,1,36,25,0
Case 1837,490,1,37,25,0
Case 1838,490,1,38,25,0
Case 1839,490,1,39,25,0
Case 1840,490,1,40,25,0
Case 1841,490,1.1,25,25,0.9895
Case 1842,490,1.1,26,25,0.9892
Case 1843,490,1.1,27,25,0.989
Case 1844,490,1.1,28,25,0.9888
Case 1845,490,1.1,29,25,0.9885
Case 1846,490,1.1,30,25,0.9883
Case 1847,490,1.1,31,25,0.988
Case 1848,490,1.1,32,25,0.9878
Case 1850,490,1.1,34,25,0
Case 1851,490,1.1,35,25,0
Case 1852,490,1.1,36,25,0
Case 1853,490,1.1,37,25,0
Case 1854,490,1.1,38,25,0
Case 1855,490,1.1,39,25,0
Case 1856,490,1.1,40,25,0
Case 1857,490,1.2,25,25,0.9895
Case 1858,490,1.2,26,25,0.9892
Case 1859,490,1.2,27,25,0.989
Case 1860,490,1.2,28,25,0.9888
Case 1861,490,1.2,29,25,0.9885
Case 1862,490,1.2,30,25,0.9883
Case 1863,490,1.2,31,25,0.988
Case 1864,490,1.2,32,25,0.9878
Case 1866,490,1.2,34,25,0
Case 1867,490,1.2,35,25,0
Case 1868,490,1.2,36,25,0
Case 1869,490,1.2,37,25,0
Case 1870,490,1.2,38,25,0
Case 1871,490,1.2,39,25,0
Case 1872,490,1.2,40,25,0
Case 1873,490,1.3,25,25,0.9895
Case 1874,490,1.3,26,25,0.9892
Case 1875,490,1.3,27,25,0.989
Case 1876,490,1.3,28,25,0.9888
Case 1877,490,1.3,29,25,0.9885
Case 1878,490,1.3,30,25,0.9883
Case 1879,490,1.3,31,25,0.9881
Case 1880,490,1.3,32,25,0.9878
Case 1882,490,1.3,34,25,0
Case 1883,490,1.3,35,25,0
Case 1884,490,1.3,36,25,0
Case 1885,490,1.3,37,25,0
Case 1886,490,1.3,38,25,0
Case 1887,490,1.3,39,25,0
Case 1888,490,1.3,40,25,0
Case 1889,490,1.4,25,25,0.9895
Case 1890,490,1.4,26,25,0.9892
Case 1891,490,1.4,27,25,0.989
Case 1892,490,1.4,28,25,0.9888
Case 1893,490,1.4,29,25,0.9885
Case 1894,490,1.4,30,25,0.9883
Case 1895,490,1.4,31,25,0.9881
Case 1896,490,1.4,32,25,0.9878
Case 1898,490,1.4,34,25,0
Case 1899,490,1.4,35,25,0
Case 1900,490,1.4,36,25,0
Case 1901,490,1.4,37,25,0
Case 1902,490,1.4,38,25,0
Case 1903,490,1.4,39,25,0
Case 1904,490,1.4,40,25,0
Case 1905,490,1.5,25,25,0.9895
Case 1906,490,1.5,26,25,0.9892
Case 1907,490,1.5,27,25,0.989
Case 1908,490,1.5,28,25,0.9888
Case 1909,490,1.5,29,25,0.9886
Case 1910,490,1.5,30,25,0.9883
Case 1911,490,1.5,31,25,0.9881
Case 1912,490,1.5,32,25,0.9878
Case 1914,490,1.5,34,25,0
Case 1915,490,1.5,35,25,0
Case 1916,490,1.5,36,25,0
Case 1917,490,1.5,37,25,0
Case 1918,490,1.5,38,25,0
Case 1919,490,1.5,39,25,0
Case 1920,490,1.5,40,25,0
Case 1921,500,1,25,25,0.989
Case 1922,500,1,26,25,0.9888
Case 1923,500,1,27,25,0.9886
Case 1924,500,1,28,25,0.9883
Case 1925,500,1,29,25,0.9881
Case 1926,500,1,30,25,0.9879
Case 1927,500,1,31,25,0.9876
Case 1928,500,1,32,25,0.9873
Case 1930,500,1,34,25,0
Case 1931,500,1,35,25,0
Case 1932,500,1,36,25,0
Case 1933,500,1,37,25,0
Case 1934,500,1,38,25,0
Case 1935,500,1,39,25,0
Case 1936,500,1,40,25,0
Case 1937,500,1.1,25,25,0.989
Case 1938,500,1.1,26,25,0.9888
Case 1939,500,1.1,27,25,0.9886
Case 1940,500,1.1,28,25,0.9883
Case 1941,500,1.1,29,25,0.9881
Case 1942,500,1.1,30,25,0.9879
Case 1943,500,1.1,31,25,0.9876
Case 1944,500,1.1,32,25,0.9873
Case 1945,500,1.1,33,25,0.9871
Case 1947,500,1.1,35,25,0
Case 1948,500,1.1,36,25,0
Case 1949,500,1.1,37,25,0
Case 1950,500,1.1,38,25,0
Case 1951,500,1.1,39,25,0
Case 1952,500,1.1,40,25,0
Case 1953,500,1.2,25,25,0.989
Case 1955,500,1.2,27,25,0.9886
Case 1956,500,1.2,28,25,0.9884
Case 1957,500,1.2,29,25,0.9881
Case 1958,500,1.2,30,25,0.9879
Case 1959,500,1.2,31,25,0.9876
Case 1960,500,1.2,32,25,0.9873
Case 1961,500,1.2,33,25,0.9871
Case 1963,500,1.2,35,25,0
Case 1964,500,1.2,36,25,0
Case 1965,500,1.2,37,25,0
Case 1966,500,1.2,38,25,0
Case 1967,500,1.2,39,25,0
Case 1968,500,1.2,40,25,0
Case 1969,500,1.3,25,25,0.989
Case 1971,500,1.3,27,25,0.9886
Case 1972,500,1.3,28,25,0.9884
Case 1973,500,1.3,29,25,0.9881
Case 1974,500,1.3,30,25,0.9879
Case 1975,500,1.3,31,25,0.9876
Case 1976,500,1.3,32,25,0.9873
Case 1977,500,1.3,33,25,0.9871
Case 1979,500,1.3,35,25,0
Case 1980,500,1.3,36,25,0
Case 1981,500,1.3,37,25,0
Case 1982,500,1.3,38,25,0
Case 1983,500,1.3,39,25,0
Case 1984,500,1.3,40,25,0
Case 1985,500,1.4,25,25,0.989
Case 1987,500,1.4,27,25,0.9886
Case 1988,500,1.4,28,25,0.9884
Case 1989,500,1.4,29,25,0.9881
Case 1990,500,1.4,30,25,0.9879
Case 1991,500,1.4,31,25,0.9876
Case 1992,500,1.4,32,25,0.9874
Case 1993,500,1.4,33,25,0.9871
Case 1995,500,1.4,35,25,0
Case 1996,500,1.4,36,25,0
Case 1997,500,1.4,37,25,0
Case 1998,500,1.4,38,25,0
Case 1999,500,1.4,39,25,0
Case 2000,500,1.4,40,25,0
Case 2001,500,1.5,25,25,0.989
Case 2003,500,1.5,27,25,0.9886
Case 2004,500,1.5,28,25,0.9884
Case 2005,500,1.5,29,25,0.9881
Case 2006,500,1.5,30,25,0.9879
Case 2007,500,1.5,31,25,0.9876
Case 2008,500,1.5,32,25,0.9874
Case 2009,500,1.5,33,25,0.9871
Case 2011,500,1.5,35,25,0
Case 2012,500,1.5,36,25,0
Case 2013,500,1.5,37,25,0
Case 2014,500,1.5,38,25,0
Case 2015,500,1.5,39,25,0
Case 2016,500,1.5,40,25,0
